Date,Close
2025-11-10,3.2300000190734863
2025-11-11,3.2799999713897705
2025-11-12,3.359999895095825
2025-11-13,3.380000114440918
2025-11-14,3.4200000762939453
2025-11-17,3.3399999141693115
2025-11-18,3.319999933242798
2025-11-19,3.299999952316284
2025-11-20,3.2300000190734863
2025-11-21,3.3399999141693115
2025-11-24,3.4600000381469727
2025-11-25,3.4700000286102295
2025-11-26,3.569999933242798
2025-11-28,3.6500000953674316
2025-12-01,3.809999942779541
2025-12-02,3.6700000762939453
2025-12-03,3.759999990463257
2025-12-04,3.690000057220459
2025-12-05,3.7200000286102295
2025-12-08,3.630000114440918
2025-12-09,3.640000104904175
2025-12-10,3.8299999237060547
2025-12-11,3.869999885559082
2025-12-12,3.809999942779541
2025-12-15,3.7699999809265137
2025-12-16,3.7699999809265137
2025-12-17,3.8399999141693115
2025-12-18,3.7799999713897705
2025-12-19,3.7200000286102295
2025-12-22,3.7300000190734863
2025-12-23,3.609999895095825
2025-12-24,3.680000066757202
2025-12-26,3.7899999618530273
2025-12-29,3.799999952316284
2025-12-30,3.7799999713897705
2025-12-31,3.7200000286102295
2026-01-02,3.7200000286102295
2026-01-05,3.7300000190734863
2026-01-06,3.9100000858306885
2026-01-07,3.9600000381469727
2026-01-08,4.139999866485596
2026-01-09,4.210000038146973
2026-01-12,4.150000095367432
2026-01-13,4.239999771118164
2026-01-14,4.21999979019165
2026-01-15,4.28000020980835
2026-01-16,4.21999979019165
2026-01-20,4.21999979019165
2026-01-21,4.260000228881836
2026-01-22,4.349999904632568
2026-01-23,4.320000171661377
2026-01-26,4.369999885559082
2026-01-27,4.360000133514404
2026-01-28,4.309999942779541
2026-01-29,4.179999828338623
2026-01-30,4.25
2026-02-02,4.340000152587891
2026-02-03,4.400000095367432
2026-02-04,4.579999923706055
2026-02-05,4.519999980926514
2026-02-06,4.630000114440918
2026-02-09,4.539999961853027
2026-02-10,4.550000190734863
2026-02-11,4.510000228881836
2026-02-12,4.5
2026-02-13,4.699999809265137
2026-02-17,4.670000076293945
2026-02-18,4.739999771118164
2026-02-19,4.710000038146973
2026-02-20,4.880000114440918
2026-02-23,4.639999866485596
2026-02-24,4.610000133514404
2026-02-25,4.559999942779541
2026-02-26,4.619999885559082
2026-02-27,4.550000190734863
2026-03-02,4.440000057220459
2026-03-03,4.369999885559082
2026-03-04,4.539999961853027
2026-03-05,4.300000190734863
2026-03-06,4.239999771118164
2026-03-09,4.269999980926514
2026-03-10,4.230000019073486
2026-03-11,4.289999961853027
2026-03-12,4.119999885559082
2026-03-13,4.039999961853027
2026-03-16,3.9000000953674316
2026-03-17,3.8499999046325684
2026-03-18,3.759999990463257
2026-03-19,3.5399999618530273
2026-03-20,3.359999895095825
2026-03-23,3.5799999237060547
2026-03-24,3.549999952316284
2026-03-25,3.559999942779541
2026-03-26,3.4700000286102295
2026-03-27,3.4000000953674316
2026-03-30,3.299999952316284
2026-03-31,3.430000066757202
2026-04-01,3.5299999713897705
2026-04-02,3.390000104904175
2026-04-06,3.490000009536743
2026-04-07,3.559999942779541
2026-04-08,3.819999933242798
2026-04-09,3.9600000381469727
2026-04-10,3.890000104904175
2026-04-13,3.859999895095825
2026-04-14,4.039999961853027
2026-04-15,4.099999904632568
2026-04-16,4.25
2026-04-17,4.329999923706055
2026-04-20,4.369999885559082
2026-04-21,4.239999771118164
2026-04-22,4.119999885559082
2026-04-23,4.139999866485596
2026-04-24,4.230000019073486
2026-04-27,4.179999828338623
2026-04-28,4.010000228881836
2026-04-29,3.940000057220459
2026-04-30,4.079999923706055
2026-05-01,4.550000190734863
2026-05-04,4.610000133514404
2026-05-05,4.489999771118164
2026-05-06,4.619999885559082
2026-05-07,4.449999809265137
2026-05-08,4.539999961853027
